model_name,dataset,pred_len,improvement,pconstructor,pwindow,mse,mse_identity
TimeXer,ECL,96,1.0806298398542313,ipfarm.csv,501,0.26591513,0.26882008
iTransformer,ECL,96,2.0873905340492853,pmutual_info.csv,1501,0.2729548,0.2787739
iTransformer,ECL,192,1.3628036658911755,prollcorr.csv,1251,0.31234425,0.3166597
PatchTST,ECL,96,0.0,pentropy.csv,1251,0.31285042,0.31285042
TimeXer,ECL,192,-0.7220515426547581,ipfarm.csv,501,0.3160145,0.31374907
Autoformer,ECL,96,12.513328219339106,ipfarm.csv,501,0.32437736,0.37077346
iTransformer,ECL,336,3.89309450894387,pmutual_info.csv,1501,0.3608486,0.37546584
TimeXer,ECL,336,1.9227997056379176,ipfarm.csv,501,0.36277246,0.3698846
TimeXer,ECL,720,-3.764424173136416,ipfarm.csv,501,0.3776729,0.36397147
Autoformer,ECL,336,10.115336040071865,ipfarm.csv,501,0.40694976,0.4527466
iTransformer,ECL,720,5.687912373788958,pmutual_info.csv,1501,0.43213874,0.4582008
Autoformer,ECL,192,3.1543679541940866,ipfarm.csv,501,0.45654503,0.4714152
Autoformer,ECL,720,-15.125149385713138,ipfarm.csv,501,0.51745766,0.44947404
TimeXer,ETTh1,96,2.3828668771389188,pmutual_info.csv,751,0.055289656,0.056639295
PatchTST,ETTh1,96,0.059968507066011735,pfarm.csv,1001,0.05673742,0.056771465
iTransformer,ETTh1,96,2.8120700088196995,pmutual_info.csv,751,0.05703763,0.058687977
iTransformer,ETTh1,192,3.015708103504099,pmutual_info.csv,1251,0.0703008,0.07248679
PatchTST,ETTh1,192,-0.04381828388417666,pfarm.csv,1001,0.07447643,0.07444381
TimeXer,ETTh1,192,-6.3929535019120145,pmutual_info.csv,751,0.07801075,0.07332323
iTransformer,ETTh1,336,5.14719828854824,pmutual_info.csv,1251,0.07976395,0.08409235
Autoformer,ETTh1,96,30.653632378490347,pmutual_info.csv,501,0.08070049,0.11637306
TimeXer,ETTh1,336,-0.5015646009889891,pmutual_info.csv,751,0.0858271,0.08539877
Autoformer,ETTh1,192,6.832790194320595,pmutual_info.csv,501,0.08666221,0.09301793
TimeXer,ETTh1,720,7.639844499903002,pmutual_info.csv,751,0.08716655,0.09437679
PatchTST,ETTh1,336,0.10549319211953091,pfarm.csv,1001,0.08836263,0.088455945
PatchTST,ETTh1,720,-0.0037140307211308244,pfarm.csv,1001,0.09020185,0.0901985
iTransformer,ETTh1,720,4.860141082018418,pmutual_info.csv,1251,0.09637662,0.10129994
Autoformer,ETTh1,720,8.920764844510277,pmutual_info.csv,501,0.11774688,0.12927961
Autoformer,ETTh1,336,0.23634225367554457,pmutual_info.csv,501,0.11802341,0.11830301
Crossformer,ETTh1,192,59.403034932939434,pmutual_info.csv,1001,0.16705425,0.41149443
Crossformer,ETTh1,96,54.48152547159033,pmutual_info.csv,1001,0.16893144,0.3711272
Crossformer,ETTh1,720,26.42292056124588,pmutual_info.csv,1001,0.24394917,0.33155593
Crossformer,ETTh1,336,14.585342135702017,pmutual_info.csv,1001,0.25173724,0.2947237
TimeXer,ETTh2,96,8.88355982693592,prollcov.csv,501,0.13148762,0.14430724
iTransformer,ETTh2,96,3.7330135902946404,prollcorr.csv,1251,0.13199979,0.13711844
PatchTST,ETTh2,96,0.3699137953225758,pmutual_info.csv,1501,0.135849,0.13635339
Autoformer,ETTh2,96,25.06398647507646,iprollcov.csv,1251,0.14741507,0.19672126
TimeXer,ETTh2,192,5.431533366938672,prollcov.csv,501,0.18118991,0.19159654
iTransformer,ETTh2,192,5.626621909935162,prollcorr.csv,1501,0.18304768,0.19396114
PatchTST,ETTh2,192,1.8231329544806347,pmutual_info.csv,1501,0.19241855,0.19599174
iTransformer,ETTh2,336,-0.21312942211322133,prollcorr.csv,1501,0.21532269,0.21486475
Autoformer,ETTh2,192,2.2384349023637884,iprollcov.csv,1251,0.21599798,0.22094366
TimeXer,ETTh2,720,4.6260028921815435,prollcov.csv,501,0.21926728,0.22990258
Crossformer,ETTh2,96,58.216652822116984,prollcov.csv,501,0.22227834,0.5319783
PatchTST,ETTh2,336,2.0577478742202926,pmutual_info.csv,1501,0.22758038,0.2323618
TimeXer,ETTh2,336,3.06348736209297,prollcov.csv,501,0.23364533,0.24102923
PatchTST,ETTh2,720,5.029306219168174,pmutual_info.csv,1501,0.24495943,0.2579316
iTransformer,ETTh2,720,0.7566822256700046,prollcorr.csv,1501,0.2588571,0.26083076
Autoformer,ETTh2,720,-0.7334454474817792,iprollcov.csv,1251,0.2705653,0.2685953
Autoformer,ETTh2,336,-0.968274388387416,iprollcov.csv,1251,0.27107096,0.26847142
Crossformer,ETTh2,192,54.13394609061927,prollcov.csv,501,0.4754793,1.0366693
Crossformer,ETTh2,336,49.97349610009011,prollcov.csv,501,0.7099887,1.4192251
Crossformer,ETTh2,720,-2.031874980933737,prollcov.csv,501,1.8194879,1.7832544
TimeXer,ETTm1,96,0.8090436809822312,iprollcorr.csv,751,0.028265199,0.028495742
PatchTST,ETTm1,96,0.6180969944512985,pmutual_info.csv,501,0.029223824,0.029405579
iTransformer,ETTm1,96,1.4815436952008252,ipmutual_info.csv,1501,0.029946666,0.030397011
iTransformer,ETTm1,192,0.2036966395937897,ipentropy.csv,1251,0.044526935,0.04461782
PatchTST,ETTm1,192,-4.084580305964805,pmutual_info.csv,501,0.045794047,0.043996956
TimeXer,ETTm1,192,-2.582861581945727,iprollcorr.csv,751,0.046249676,0.045085188
Crossformer,ETTm1,96,31.776340326779412,prollcov.csv,1501,0.05432766,0.0796317
Autoformer,ETTm1,96,6.675319710648943,ipfarm.csv,1251,0.05467945,0.058590557
PatchTST,ETTm1,336,1.267799588319444,pmutual_info.csv,501,0.058860313,0.059616126
TimeXer,ETTm1,336,-1.0224146083335,iprollcorr.csv,751,0.059630632,0.05902713
iTransformer,ETTm1,336,0.5547707259000546,ipmutual_info.csv,1501,0.06193481,0.062280323
Autoformer,ETTm1,192,-0.02074320836224826,ipfarm.csv,1251,0.07176849,0.071753606
iTransformer,ETTm1,720,0.16544043755948507,ipmutual_info.csv,1501,0.08034597,0.080479115
TimeXer,ETTm1,720,-1.203139253918749,iprollcorr.csv,751,0.08160588,0.08063572
Autoformer,ETTm1,336,0.9472365819972489,ipfarm.csv,1251,0.085535325,0.086353295
PatchTST,ETTm1,720,-5.934922790391166,pmutual_info.csv,501,0.085586,0.08079111
Autoformer,ETTm1,720,-3.3577191265752044,ipfarm.csv,1251,0.1027703,0.099431664
Crossformer,ETTm1,192,28.772947411983647,prollcov.csv,1501,0.21066341,0.2957632
Crossformer,ETTm1,336,13.823448617441853,prollcov.csv,1501,0.4363716,0.5063693
Crossformer,ETTm1,720,11.663181821756607,prollcov.csv,1501,0.83118886,0.9409314
PatchTST,ETTm2,96,1.0632205587902153,prollcorr.csv,1001,0.063732125,0.06441702
TimeXer,ETTm2,96,2.5469612053965958,pentropy.csv,1251,0.06609039,0.06781768
iTransformer,ETTm2,96,10.07635541076151,iprollcov.csv,751,0.06817696,0.0758165
Crossformer,ETTm2,96,56.0209425402727,iprollcorr.csv,501,0.097761944,0.22229204
PatchTST,ETTm2,192,1.2441884476586391,prollcorr.csv,1001,0.10129113,0.10256726
TimeXer,ETTm2,192,1.8660315609172282,pentropy.csv,1251,0.10171682,0.10365098
iTransformer,ETTm2,192,12.906548738337117,iprollcorr.csv,1501,0.10467019,0.12018147
Autoformer,ETTm2,96,8.066759331346887,iprollcov.csv,751,0.11276945,0.1226645
PatchTST,ETTm2,336,0.4758601914624862,prollcorr.csv,1001,0.13241227,0.13304538
Crossformer,ETTm2,192,76.64515573919086,iprollcorr.csv,501,0.13327394,0.57064795
TimeXer,ETTm2,336,1.1948325080654525,pentropy.csv,1251,0.13404407,0.13566504
iTransformer,ETTm2,336,10.459055664877889,iprollcorr.csv,1501,0.1407727,0.15721601
Autoformer,ETTm2,336,2.5013813412293207,iprollcov.csv,751,0.14852338,0.15233383
Autoformer,ETTm2,192,3.1458174078412346,iprollcov.csv,751,0.15124446,0.15615687
iTransformer,ETTm2,720,4.8127238921235955,iprollcorr.csv,1501,0.18361874,0.19290261
PatchTST,ETTm2,720,0.5728027474434827,prollcorr.csv,1001,0.18760371,0.1886845
Autoformer,ETTm2,720,9.737857168455047,iprollcov.csv,751,0.18789363,0.20816438
TimeXer,ETTm2,720,-0.6812431408581769,pentropy.csv,1251,0.1899477,0.18866245
Crossformer,ETTm2,336,54.03787248956174,iprollcorr.csv,501,0.38644266,0.84078497
Crossformer,ETTm2,720,32.00797495330197,iprollcorr.csv,501,1.0024513,1.474366
iTransformer,TrafficL,96,5.5819579648182005,iprollcorr.csv,501,0.14766572,0.15639566
iTransformer,TrafficL,192,0.3404493867602689,iprollcorr.csv,501,0.15498559,0.15551504
TimeXer,TrafficL,96,2.6616551084587616,iprollcorr.csv,501,0.16395408,0.1684373
Autoformer,TrafficL,96,6.73451830057745,pfarm.csv,751,0.23485291,0.25181118
iTransformer,Weather,96,9.138806592823856,ipmutual_info.csv,1251,0.0012668977,0.0013943221
PatchTST,Weather,96,20.05625917243608,iprollcorr.csv,1501,0.0012774419,0.0015979261
TimeXer,Weather,96,2.78232840067544,ipmutual_info.csv,501,0.0012973044,0.0013344327
Crossformer,Weather,96,76.64050135934976,iprollcov.csv,1501,0.0014183077,0.006071653
iTransformer,Weather,192,5.189036141350911,prollcorr.csv,1001,0.001500696,0.0015828296
TimeXer,Weather,192,1.6122714177050186,ipmutual_info.csv,501,0.0015798458,0.0016057346
TimeXer,Weather,336,1.6270353552899377,ipmutual_info.csv,501,0.00168566,0.0017135399
PatchTST,Weather,192,1.4844253039244684,iprollcorr.csv,1501,0.0017619546,0.0017885036
iTransformer,Weather,336,-3.054920561582796,ipmutual_info.csv,1251,0.001765655,0.0017133146
PatchTST,Weather,336,-1.519346651767878,iprollcorr.csv,1501,0.001920984,0.0018922344
Crossformer,Weather,336,-6.693367068947159,iprollcov.csv,1501,0.0021465423,0.0020118798
TimeXer,Weather,720,0.9295636658201258,ipmutual_info.csv,501,0.0021720678,0.002192448
iTransformer,Weather,720,-0.18027861588060956,ipmutual_info.csv,1251,0.0022019492,0.0021979867
PatchTST,Weather,720,-0.9323069439287293,iprollcorr.csv,1501,0.0022881897,0.0022670538
Crossformer,Weather,192,-5.2866488984416815,iprollcov.csv,1501,0.0039732447,0.0037737403
Crossformer,Weather,720,-46.72008479065816,iprollcov.csv,1501,0.0041828137,0.0028508801
Autoformer,Weather,720,-5.6965608454587295,prollcorr.csv,1001,0.0048205485,0.004560743
Autoformer,Weather,96,34.942646644004434,prollcorr.csv,1001,0.005191636,0.007980091
Autoformer,Weather,336,-101.38966769954688,prollcorr.csv,1001,0.011217971,0.0055702813
Autoformer,Weather,192,-116.73517159640723,prollcorr.csv,1001,0.016110543,0.007433285
