,,pconstructor,pconstructor,pconstructor,pconstructor,pconstructor,pwindow,pwindow,pwindow,pwindow,pwindow
model_name,,Autoformer,Crossformer,PatchTST,TimeXer,iTransformer,Autoformer,Crossformer,PatchTST,TimeXer,iTransformer
dataset,pred_len,,,,,,,,,,
ECL,96,ipfarm,,ipsmoothrandomwalk,ipfarm,pmutual_info,501,,501,501,1501
ETTh1,96,pmutual_info,pmutual_info,ipsmoothrandomwalk,pmutual_info,pmutual_info,501,1001,751,751,751
ETTh2,96,iprollcov,prandomwalk,pmutual_info,prollcov,prollcorr,1251,501,1501,501,1251
ETTm1,96,ipfarm,prollcov,pmutual_info,iprollcorr,ipsmoothrandomwalk,1251,1501,501,751,751
ETTm2,96,iprollcov,iprollcorr,prollcorr,pentropy,iprollcov,751,501,1001,1251,751
TrafficL,96,pfarm,,,iprollcorr,iprollcorr,751,,,501,501
Weather,96,prollcorr,iprollcov,iprollcorr,ipmutual_info,prandomwalk,1001,1501,1501,501,501
